Model,Accuracy,F1-score,ROC-AUC
Logistic Regression,0.9609652235628106,0.9237170596393898,0.9915368518949081
Random Forest,0.9403832505322924,0.8789625360230547,0.9694024645431295
